"","hunkim98/dotting","hunkim98/voxeling","hunkim98/canvas_with_math","hunkim98/pixel_font","hunkim98/dotting-genai","hunkim98/multimodal-pixels-genai","hunkim98/pixel-art-ai","hunkim98/pickgeul_server","hunkim98/pickgeul_client","hunkim98/transformers_practice","hunkim98/LSTM_practice","hunkim98/synopsis_lstm_multi_label","hunkim98/gan_practice","hunkim98/pickgeul_admin","hunkim98/palette_ai","hunkim98/CryptolabChatbot","hunkim98/lge-log-analysis","hunkim98/stamp_tour","hunkim98/statistics","hunkim98/pickgeul_ml","hunkim98/gre-vokab","hunkim98/crypto","hunkim98/curves","hunkim98/pixel_character_gen","hunkim98/webnovelr","hunkim98/comfyui_malang","hunkim98/CryptolabAdmin","hunkim98/roda_web","hunkim98/sky-capturer","hunkim98/banner_sequence_ai","hunkim98/font_gen","hunkim98/font_gen_1","hunkim98/malng-generative-art","hunkim98/sketch-rnn","hunkim98/genetic_algorithm","hunkim98/font_gen_Agbalumo-Regular","hunkim98/pickgeul_ai"
"2023-03","82","0","0","0","8","0","0","1","0","0","0","0","0","10","0","0","0","0","0","3","0","1","0","0","0","0","0","0","0","0","0","0","0","0","0","0","0"
"2023-04","51","0","0","0","36","0","0","4","11","0","0","0","0","0","0","4","0","0","0","0","0","0","0","0","0","0","0","0","0","0","0","0","0","0","0","0","0"
"2023-05","96","0","0","0","18","0","0","1","0","0","2","4","0","2","0","3","0","0","0","0","0","0","0","0","0","0","1","0","0","0","0","0","0","0","0","0","0"
"2023-06","15","0","0","0","1","0","0","0","0","2","0","0","0","0","0","3","0","0","0","2","0","0","0","0","0","0","8","0","0","0","0","0","0","0","0","0","0"
"2023-07","48","6","4","0","0","0","0","0","9","0","0","0","0","0","0","0","0","0","0","0","0","0","0","0","0","0","0","0","0","0","0","0","0","0","0","0","1"
"2023-08","27","0","4","0","0","16","0","1","1","0","0","0","0","0","0","0","4","0","0","0","0","0","0","0","0","0","0","0","3","0","0","0","0","0","0","0","0"
"2023-09","54","5","0","12","2","0","0","0","0","0","0","0","15","0","0","0","0","0","0","0","0","0","0","9","0","0","0","9","0","0","0","0","0","0","0","0","0"
"2023-10","72","0","0","0","0","23","0","0","0","0","0","0","0","0","0","0","0","0","2","0","0","0","3","2","0","0","0","10","0","0","0","0","0","0","0","0","0"
"2023-11","29","0","0","0","0","13","0","0","0","0","0","0","2","0","0","0","0","0","4","0","0","0","5","6","0","0","0","19","0","0","4","16","0","0","0","1","0"
"2023-12","6","0","0","0","9","14","0","0","0","0","0","0","0","0","0","0","0","0","0","0","0","0","0","0","2","0","0","1","0","0","0","0","0","0","0","0","0"
"2024-01","21","0","0","0","0","0","3","0","0","0","0","0","0","0","0","0","0","0","0","0","0","0","0","0","0","0","0","0","0","0","0","0","1","0","0","0","0"
"2024-02","6","0","0","0","0","0","0","0","0","0","0","0","0","0","0","0","0","0","0","0","0","0","0","0","0","0","0","0","0","0","0","0","4","0","0","0","0"
"2024-03","39","0","0","0","0","0","17","0","0","0","0","0","0","0","0","0","0","0","0","0","0","0","0","0","0","0","0","0","0","0","0","0","1","3","0","0","0"
"2024-04","0","0","0","0","0","0","3","0","0","0","0","0","0","0","1","0","0","0","0","0","10","0","0","0","0","0","0","0","0","21","0","0","0","6","0","0","0"
"2024-05","0","0","0","0","0","0","3","0","0","0","0","0","0","0","0","0","0","0","0","0","0","0","0","0","0","2","0","0","0","13","0","0","0","0","0","0","0"
"2024-08","0","0","0","0","0","0","0","11","0","0","0","0","0","1","0","0","0","48","0","0","0","0","0","0","0","0","0","0","0","0","0","0","0","0","0","0","0"
"2024-06","0","0","0","0","0","0","0","0","0","0","0","0","0","0","0","0","0","14","0","0","0","0","0","0","0","0","0","0","0","16","0","0","0","0","0","0","0"
"2024-07","0","0","0","0","0","0","0","0","0","0","0","0","0","0","0","0","0","15","0","0","0","0","0","0","0","0","0","0","0","0","0","0","0","0","5","0","0"
